Ozpin/Oobleck: https://archiveofourown.org/tags/Bartholomew%20Oobleck*s*Ozpin
Port/Oobleck: https://archiveofourown.org/tags/Bartholomew%20Oobleck*s*Peter%20Port
Ruby/Weiss/Blake/Yang: https://archiveofourown.org/tags/Blake%20Belladona*s*Ruby%20Rose*s*Weiss%20Schnee*s*Yang%20Xiao%20Long
Blake/Adam: https://archiveofourown.org/tags/Blake%20Belladonna*s*Adam%20Taurus
Blake/Cinder: https://archiveofourown.org/tags/Blake%20Belladonna*s*Cinder%20Fall
Blake/Emerald: https://archiveofourown.org/tags/Blake%20Belladonna*s*Emerald%20Sustrai
Blake/Ilia: https://archiveofourown.org/tags/Blake%20Belladonna*s*Ilia%20Amitola
Blake/Kali: https://archiveofourown.org/tags/Blake%20Belladonna*s*Kali%20Belladonna
Blake/Ren: https://archiveofourown.org/tags/Blake%20Belladonna*s*Lie%20Ren
Blake/Pyrrha: https://archiveofourown.org/tags/Blake%20Belladonna*s*Pyrrha%20Nikos
Blake/Roman: https://archiveofourown.org/tags/Blake%20Belladonna*s*Roman%20Torchwick
Ruby/Blake: https://archiveofourown.org/tags/Blake%20Belladonna*s*Ruby%20Rose
Blake/Ruby/Weiss: https://archiveofourown.org/tags/Blake%20Belladonna*s*Ruby%20Rose*s*Weiss%20Schnee
Ruby/Weiss/Blake/Yang: https://archiveofourown.org/tags/Blake%20Belladonna*s*Ruby%20Rose*s*Weiss%20Schnee*s*Yang%20Xiao%20Long
Blake/Ruby/Yang: https://archiveofourown.org/tags/Blake%20Belladonna*s*Ruby%20Rose*s*Yang%20Xiao%20Long
Blake/Sun: https://archiveofourown.org/tags/Blake%20Belladonna*s*Sun%20Wukong
Blake/Yang/Sun: https://archiveofourown.org/tags/Blake%20Belladonna*s*Sun%20Wukong*s*Yang%20Xiao%20Long
Blake/Velvet: https://archiveofourown.org/tags/Blake%20Belladonna*s*Velvet%20Scarlatina
Blake/Velvet/Weiss: https://archiveofourown.org/tags/Blake%20Belladonna*s*Velvet%20Scarlatina*s*Weiss%20Schnee
Weiss/Blake: https://archiveofourown.org/tags/Blake%20Belladonna*s*Weiss%20Schnee
Blake/Weiss/Yang: https://archiveofourown.org/tags/Blake%20Belladonna*s*Weiss%20Schnee*s*Yang%20Xiao%20Long
Blake/Winter: https://archiveofourown.org/tags/Blake%20Belladonna*s*Winter%20Schnee
Blake/Yang: https://archiveofourown.org/tags/Blake%20Belladonna*s*Yang%20Xiao%20Long
Cinder/Emerald: https://archiveofourown.org/tags/Cinder%20Fall*s*Emerald%20Sustrai
Cinder/Glynda: https://archiveofourown.org/tags/Cinder%20Fall*s*Glynda%20Goodwitch
Cinder/Neopolitan: https://archiveofourown.org/tags/Cinder%20Fall*s*Neopolitan
Pyrrha/Cinder: https://archiveofourown.org/tags/Cinder%20Fall*s*Pyrrha%20Nikos
Cinder/Roman: https://archiveofourown.org/tags/Cinder%20Fall*s*Roman%20Torchwick
Ruby/Cinder: https://archiveofourown.org/tags/Cinder%20Fall*s*Ruby%20Rose
Salem/Cinder: https://archiveofourown.org/tags/Cinder%20Fall*s*Salem
Weiss/Cinder: https://archiveofourown.org/tags/Cinder%20Fall*s*Weiss%20Schnee
Cinder/Winter: https://archiveofourown.org/tags/Cinder%20Fall*s*Winter%20Schnee
Yang/Cinder: https://archiveofourown.org/tags/Cinder%20Fall*s*Yang%20Xiao%20Long
Coco/Fox: https://archiveofourown.org/tags/Coco%20Adel*s*Fox%20Alistair
Coco/Velvet/Fox/Yatsuhashi: https://archiveofourown.org/tags/Coco%20Adel*s*Fox%20Alistair*s*Yatsuhashi%20Daichi*s*Velvet%20Scarlatina
Jaune/Coco: https://archiveofourown.org/tags/Coco%20Adel*s*Jaune%20Arc
Coco/Velvet: https://archiveofourown.org/tags/Coco%20Adel*s*Velvet%20Scarlatina
Yang/Coco: https://archiveofourown.org/tags/Coco%20Adel*s*Yang%20Xiao%20Long
Yang/Emerald: https://archiveofourown.org/tags/Emerald%20Sustrai*s*Yang%20Xiao%20Long
Flynt Coal/Neon Katt: https://archiveofourown.org/tags/Flynt%20Coal*s*Neon%20Katt
Weiss/Flynt Coal: https://archiveofourown.org/tags/Flynt%20Coal*s*Weiss%20Schnee
Fox/Velvet: https://archiveofourown.org/tags/Fox%20Alistair*s*Velvet%20Scarlatina
Fox/Yatsuhashi: https://archiveofourown.org/tags/Fox%20Alistair*s*Yatsuhashi%20Daichi
Kali/Ghira: https://archiveofourown.org/tags/Ghira%20Belladonna*s*Kali%20Belladonna
Glynda/Ironwood: https://archiveofourown.org/tags/Glynda%20Goodwitch*s*James%20Ironwood
Glynda/Ozpin: https://archiveofourown.org/tags/Glynda%20Goodwitch*s*Ozpin
Ruby/Glynda: https://archiveofourown.org/tags/Glynda%20Goodwitch*s*Ruby%20Rose
Weiss/Glynda: https://archiveofourown.org/tags/Glynda%20Goodwitch*s*Weiss%20Schnee
Glynda/Winter: https://archiveofourown.org/tags/Glynda%20Goodwitch*s*Winter%20Schnee
Yang/Glynda: https://archiveofourown.org/tags/Glynda%20Goodwitch*s*Yang%20Xiao%20Long
Pyrrha/Ilia: https://archiveofourown.org/tags/Ilia%20Amitola*s*Pyrrha%20Nikos
Weiss/Ilia: https://archiveofourown.org/tags/Ilia%20Amitola*s*Weiss%20Schnee
Yang/Ilia: https://archiveofourown.org/tags/Ilia%20Amitola*s*Yang%20Xiao%20Long
Ozpin/Ironwood: https://archiveofourown.org/tags/James%20Ironwood*s*Ozpin
Taiyang/Ironwood: https://archiveofourown.org/tags/James%20Ironwood*s*Taiyang%20Xiao%20Long
Weiss/Ironwood: https://archiveofourown.org/tags/James%20Ironwood*s*Weiss%20Schnee
Ironwood/Winter: https://archiveofourown.org/tags/James%20Ironwood*s*Winter%20Schnee
Blake/Jaune: https://archiveofourown.org/tags/Jaune%20Arc*s*Blake%20Belladonna
Jaune/Cardin: https://archiveofourown.org/tags/Jaune%20Arc*s*Cardin%20Winchester
Jaune/Ciel Soleil: https://archiveofourown.org/tags/Jaune%20Arc*s*Ciel%20Soleil
Jaune/Cinder: https://archiveofourown.org/tags/Jaune%20Arc*s*Cinder%20Fall
Jaune/Emerald: https://archiveofourown.org/tags/Jaune%20Arc*s*Emerald%20Sustrai
Jaune/Glynda: https://archiveofourown.org/tags/Jaune%20Arc*s*Glynda%20Goodwitch
Jaune/Kali: https://archiveofourown.org/tags/Jaune%20Arc*s*Kali%20Belladonna
Jaune/Ren: https://archiveofourown.org/tags/Jaune%20Arc*s*Lie%20Ren
Jaune/Nora/Ren: https://archiveofourown.org/tags/Jaune%20Arc*s*Lie%20Ren*s*Nora%20Valkyrie
Ren/Jaune/Nora/Pyrrha: https://archiveofourown.org/tags/Jaune%20Arc*s*Lie%20Ren*s*Pyrrha%20Nikos*s*Nora%20Valkyrie
Jaune/May: https://archiveofourown.org/tags/Jaune%20Arc*s*May%20Zedong
Jaune/Mercury: https://archiveofourown.org/tags/Jaune%20Arc*s*Mercury%20Black
Jaune/Miltiades: https://archiveofourown.org/tags/Jaune%20Arc*s*Miltiades%20Malachite
Jaune/Neopolitan: https://archiveofourown.org/tags/Jaune%20Arc*s*Neopolitan
Jaune/Neptune: https://archiveofourown.org/tags/Jaune%20Arc*s*Neptune%20Vasilias
Jaune/Nora: https://archiveofourown.org/tags/Jaune%20Arc*s*Nora%20Valkyrie
Jaune/Penny: https://archiveofourown.org/tags/Jaune%20Arc*s*Penny%20Polendina
Jaune/Pyrrha: https://archiveofourown.org/tags/Jaune%20Arc*s*Pyrrha%20Nikos
Jaune/Pyrrha/Weiss: https://archiveofourown.org/tags/Jaune%20Arc*s*Pyrrha%20Nikos*s*Weiss%20Schnee
Jaune/Raven: https://archiveofourown.org/tags/Jaune%20Arc*s*Raven%20Branwen
Ruby/Jaune: https://archiveofourown.org/tags/Jaune%20Arc*s*Ruby%20Rose
Jaune/Ruby/Weiss: https://archiveofourown.org/tags/Jaune%20Arc*s*Ruby%20Rose*s*Weiss%20Schnee
Jaune/Salem: https://archiveofourown.org/tags/Jaune%20Arc*s*Salem
Jaune/Sienna Khan: https://archiveofourown.org/tags/Jaune%20Arc*s*Sienna%20Khan
Jaune/Summer: https://archiveofourown.org/tags/Jaune%20Arc*s*Summer%20Rose
Jaune/Sun: https://archiveofourown.org/tags/Jaune%20Arc*s*Sun%20Wukong
Weiss/Jaune: https://archiveofourown.org/tags/Jaune%20Arc*s*Weiss%20Schnee
Jaune/Winter: https://archiveofourown.org/tags/Jaune%20Arc*s*Winter%20Schnee
Yang/Jaune: https://archiveofourown.org/tags/Jaune%20Arc*s*Yang%20Xiao%20Long
Robyn/Fiona/May Marigold/Joanna: https://archiveofourown.org/tags/Joanna%20Greenleaf*s*Robyn%20Hill*s*May%20Marigold*s*Fiona%20Thyme
Roman/Junior: https://archiveofourown.org/tags/Junior*s*Roman%20Torchwick
Yang/Junior: https://archiveofourown.org/tags/Junior*s*Yang%20Xiao%20Long
Weiss/Kali: https://archiveofourown.org/tags/Kali%20Belladonna*s*Weiss%20Schnee
Nora/Ren: https://archiveofourown.org/tags/Lie%20Ren*s*Nora%20Valkyrie
Pyrrha/Ren: https://archiveofourown.org/tags/Lie%20Ren*s*Pyrrha%20Nikos
Yang/Ren: https://archiveofourown.org/tags/Lie%20Ren*s*Yang%20Xiao%20Long
Cinder/Mercury: https://archiveofourown.org/tags/Mercury%20Black*s*Cinder%20Fall
Mercury/Emerald: https://archiveofourown.org/tags/Mercury%20Black*s*Emerald%20Sustrai
Pyrrha/Mercury: https://archiveofourown.org/tags/Mercury%20Black*s*Pyrrha%20Nikos
Ruby/Mercury: https://archiveofourown.org/tags/Mercury%20Black*s*Ruby%20Rose
Weiss/Mercury: https://archiveofourown.org/tags/Mercury%20Black*s*Weiss%20Schnee
Yang/Mercury: https://archiveofourown.org/tags/Mercury%20Black*s*Yang%20Xiao%20Long
Yang/Neon Katt: https://archiveofourown.org/tags/Neon%20Katt*s*Yang%20Xiao%20Long
Ciel Soleil/Neopolitan: https://archiveofourown.org/tags/Neopolitan*s*Ciel%20Soleil
Emerald/Neopolitan: https://archiveofourown.org/tags/Neopolitan*s*Emerald%20Sustrai
Neopolitan/Roman: https://archiveofourown.org/tags/Neopolitan*s*Roman%20Torchwick
Ruby/Neopolitan: https://archiveofourown.org/tags/Neopolitan*s*Ruby%20Rose
Weiss/Neopolitan: https://archiveofourown.org/tags/Neopolitan*s*Weiss%20Schnee
Yang/Neopolitan: https://archiveofourown.org/tags/Neopolitan*s*Yang%20Xiao%20Long
Sun/Neptune: https://archiveofourown.org/tags/Neptune%20Vasilias*s*Sun%20Wukong
Yang/Neptune: https://archiveofourown.org/tags/Neptune%20Vasilias*s*Yang%20Xiao%20Long
Yang/Nora: https://archiveofourown.org/tags/Nora%20Valkyrie*s*Yang%20Xiao%20Long
Whitley/Oscar: https://archiveofourown.org/tags/Oscar%20Pine*s*Whitley%20Schnee
Ruby/Ozpin: https://archiveofourown.org/tags/Ozpin*s*Ruby%20Rose
Salem/Ozpin: https://archiveofourown.org/tags/Ozpin*s*Salem%20(RWBY)
Ruby/Penny: https://archiveofourown.org/tags/Penny%20Polendina*s*Ruby%20Rose
Penny/Ruby/Weiss: https://archiveofourown.org/tags/Penny%20Polendina*s*Ruby%20Rose*s*Weiss%20Schnee
Weiss/Penny: https://archiveofourown.org/tags/Penny%20Polendina*s*Weiss%20Schnee
Penny/Whitley: https://archiveofourown.org/tags/Penny%20Polendina*s*Whitley%20Schnee
Penny/Winter: https://archiveofourown.org/tags/Penny%20Polendina*s*Winter%20Schnee
Pyrrha/Cardin: https://archiveofourown.org/tags/Pyrrha%20Nikos*s*Cardin%20Winchester
Nora/Pyrrha: https://archiveofourown.org/tags/Pyrrha%20Nikos*s*Nora%20Valkyrie
Ruby/Pyrrha: https://archiveofourown.org/tags/Pyrrha%20Nikos*s*Ruby%20Rose
Weiss/Pyrrha: https://archiveofourown.org/tags/Pyrrha%20Nikos*s*Weiss%20Schnee
Yang/Pyrrha: https://archiveofourown.org/tags/Pyrrha%20Nikos*s*Yang%20Xiao%20Long
Glynda/Qrow: https://archiveofourown.org/tags/Qrow%20Branwen*s*Glynda%20Goodwitch
Qrow/Ironwood: https://archiveofourown.org/tags/Qrow%20Branwen*s*James%20Ironwood
Ozpin/Qrow: https://archiveofourown.org/tags/Qrow%20Branwen*s*Ozpin
Raven/Qrow: https://archiveofourown.org/tags/Qrow%20Branwen*s*Raven%20Branwen
Roman/Qrow: https://archiveofourown.org/tags/Qrow%20Branwen*s*Roman%20Torchwick
Ruby/Qrow: https://archiveofourown.org/tags/Qrow%20Branwen*s*Ruby%20Rose
Summer/Qrow: https://archiveofourown.org/tags/Qrow%20Branwen*s*Summer%20Rose
Taiyang/Qrow: https://archiveofourown.org/tags/Qrow%20Branwen*s*Taiyang%20Xiao%20Long
Qrow/Winter: https://archiveofourown.org/tags/Qrow%20Branwen*s*Winter%20Schnee
Cinder/Raven: https://archiveofourown.org/tags/Raven%20Branwen*s*Cinder%20Fall
Ruby/Raven: https://archiveofourown.org/tags/Raven%20Branwen*s*Ruby%20Rose
Summer/Raven: https://archiveofourown.org/tags/Raven%20Branwen*s*Summer%20Rose
Raven/Summer/Taiyang: https://archiveofourown.org/tags/Raven%20Branwen*s*Summer%20Rose*s*Taiyang%20Xiao%20Long
Taiyang/Raven: https://archiveofourown.org/tags/Raven%20Branwen*s*Taiyang%20Xiao%20Long
Raven/Vernal: https://archiveofourown.org/tags/Raven%20Branwen*s*Vernal
Yang/Raven: https://archiveofourown.org/tags/Raven%20Branwen*s*Yang%20Xiao%20Long
Robyn/Fiona: https://archiveofourown.org/tags/Robyn%20Hill*s*Fiona%20Thyme
Winter/Robyn: https://archiveofourown.org/tags/Robyn%20Hill*s*Winter%20Schnee
Ruby/Adam: https://archiveofourown.org/tags/Ruby%20Rose*s*Adam%20Taurus
Ruby/Emerald: https://archiveofourown.org/tags/Ruby%20Rose*s*Emerald%20Sustrai
Ruby/Nora: https://archiveofourown.org/tags/Ruby%20Rose*s*Nora%20Valkyrie
Ruby/Oscar: https://archiveofourown.org/tags/Ruby%20Rose*s*Oscar%20Pine
Ruby/Roman: https://archiveofourown.org/tags/Ruby%20Rose*s*Roman%20Torchwick
Ruby/Salem: https://archiveofourown.org/tags/Ruby%20Rose*s*Salem%20(RWBY)
Ruby/Summer: https://archiveofourown.org/tags/Ruby%20Rose*s*Summer%20Rose%20(RWBY)
Ruby/Sun: https://archiveofourown.org/tags/Ruby%20Rose*s*Sun%20Wukong
Ruby/Velvet: https://archiveofourown.org/tags/Ruby%20Rose*s*Velvet%20Scarlatina
Ruby/Weiss: https://archiveofourown.org/tags/Ruby%20Rose*s*Weiss%20Schnee
Ruby/Winter: https://archiveofourown.org/tags/Ruby%20Rose*s*Winter%20Schnee
Ruby/Yang: https://archiveofourown.org/tags/Ruby%20Rose*s*Yang%20Xiao%20Long
Scarlet/Sage: https://archiveofourown.org/tags/Sage%20Ayana*s*Scarlet%20David
Summer/Taiyang: https://archiveofourown.org/tags/Summer%20Rose*s*Taiyang%20Xiao%20Long
Yang/Sun: https://archiveofourown.org/tags/Sun%20Wukong*s*Yang%20Xiao%20Long
Yang/Velvet: https://archiveofourown.org/tags/Velvet%20Scarlatina*s*Yang%20Xiao%20Long
Weiss/Emerald: https://archiveofourown.org/tags/Weiss%20Schnee*s*Emerald%20Sustrai
Weiss/Neptune: https://archiveofourown.org/tags/Weiss%20Schnee*s*Neptune%20Vasilias
Weiss/Nora: https://archiveofourown.org/tags/Weiss%20Schnee*s*Nora%20Valkyrie
Weiss/Sun: https://archiveofourown.org/tags/Weiss%20Schnee*s*Sun%20Wukong
Weiss/Velvet: https://archiveofourown.org/tags/Weiss%20Schnee*s*Velvet%20Scarlatina
Weiss/Winter: https://archiveofourown.org/tags/Weiss%20Schnee*s*Winter%20Schnee
Weiss/Yang: https://archiveofourown.org/tags/Weiss%20Schnee*s*Yang%20Xiao%20Long
Yang/Winter: https://archiveofourown.org/tags/Winter%20Schnee*s*Yang%20Xiao%20Long
Velvet/Yatsuhashi: https://archiveofourown.org/tags/Yatsuhashi%20Daichi*s*Velvet%20Scarlatina
Jaune/Velvet: https://archiveofourown.org/tags/Jaune%20Arc*s*Velvet%20Scarlatina
Yang/Kali: https://archiveofourown.org/tags/Kali%20Belladonna*s*Yang%20Xiao%20Long
Clover Ebi/James Ironwood: https://archiveofourown.org/tags/Clover%20Ebi*s*James%20Ironwood
Clover Ebi/Taiyang Xiao Long: https://archiveofourown.org/tags/Clover%20Ebi*s*Taiyang%20Xiao%20Long
Elm Ederne/Vine Zeki: https://archiveofourown.org/tags/Elm%20Ederne*s*Vine%20Zeki
Jacques Schnee/Willow Schnee: https://archiveofourown.org/tags/Jacques%20Schnee*s*Willow%20Schnee
James Ironwood/Arthur Watts: https://archiveofourown.org/tags/James%20Ironwood*s*Arthur%20Watts
Jaune Arc/Blake Belladonna/Ruby Rose/Weiss Schnee/Yang Xiao Long: https://archiveofourown.org/tags/Jaune%20Arc*s*Blake%20Belladonna*s*Ruby%20Rose*s*Weiss%20Schnee*s*Yang%20Xiao%20Long
Jaune Arc/Ruby Rose/Yang Xiao Long: https://archiveofourown.org/tags/Jaune%20Arc*s*Ruby%20Rose*s*Yang%20Xiao%20Long
Jaune Arc/Willow Schnee: https://archiveofourown.org/tags/Jaune%20Arc*s*Willow%20Schnee
Marrow Amin/Clover Ebi: https://archiveofourown.org/tags/Marrow%20Amin*s*Clover%20Ebi
Marrow Amin/Jaune Arc: https://archiveofourown.org/tags/Marrow%20Amin*s*Jaune%20Arc
Marrow Amin/May Marigold: https://archiveofourown.org/tags/Marrow%20Amin*s*May%20Marigold
Ozma/Salem: https://archiveofourown.org/tags/Ozma*s*Salem%20(RWBY)
Qrow Branwen/Arthur Watts: https://archiveofourown.org/tags/Qrow%20Branwen*s*Arthur%20Watts
Qrow Branwen/Clover Ebi: https://archiveofourown.org/tags/Qrow%20Branwen*s*Clover%20Ebi
Qrow Branwen/Clover Ebi/James Ironwood: https://archiveofourown.org/tags/Qrow%20Branwen*s*Clover%20Ebi*s*James%20Ironwood
Qrow Branwen/Clover Ebi/James Ironwood/Taiyang Xiao Long: https://archiveofourown.org/tags/Qrow%20Branwen*s*Clover%20Ebi*s*James%20Ironwood*s*Taiyang%20Xiao%20Long
Qrow Branwen/Summer Rose/Taiyang Xiao Long: https://archiveofourown.org/tags/Qrow%20Branwen*s*Summer%20Rose*s*Taiyang%20Xiao%20Long
Saphron Cotta-Arc/Terra Cotta-Arc: https://archiveofourown.org/tags/Saphron%20Cotta-Arc*s*Terra%20Cotta-Arc
Weiss Schnee/Willow Schnee: https://archiveofourown.org/tags/Weiss%20Schnee*s*Willow%20Schnee
Tyrian Callows/Arthur Watts: https://archiveofourown.org/tags/Tyrian%20Callows*s*Arthur%20Watts
Winter/Robyn/Fiona/May Marigold/Joanna: https://archiveofourown.org/tags/Happy%20Huntresses*s*Winter%20Schnee%20(RWBY)
Ruby/Ruby: https://archiveofourown.org/tags/Ruby%20Rose*s*Ruby%20Rose%20(RWBY)